--
-- PostgreSQL database dump
--

-- Dumped from database version 17.2
-- Dumped by pg_dump version 17.2

SET statement_timeout = 0;
SET lock_timeout = 0;
SET idle_in_transaction_session_timeout = 0;
SET transaction_timeout = 0;
SET client_encoding = 'UTF8';
SET standard_conforming_strings = on;
SELECT pg_catalog.set_config('search_path', '', false);
SET check_function_bodies = false;
SET xmloption = content;
SET client_min_messages = warning;
SET row_security = off;

SET default_tablespace = '';

SET default_table_access_method = heap;

--
-- Name: auth_group; Type: TABLE; Schema: public; Owner: bookstore_user
--

CREATE TABLE public.auth_group (
    id integer NOT NULL,
    name character varying(150) NOT NULL
);


ALTER TABLE public.auth_group OWNER TO bookstore_user;

--
-- Name: auth_group_id_seq; Type: SEQUENCE; Schema: public; Owner: bookstore_user
--

ALTER TABLE public.auth_group ALTER COLUMN id ADD GENERATED BY DEFAULT AS IDENTITY (
    SEQUENCE NAME public.auth_group_id_seq
    START WITH 1
    INCREMENT BY 1
    NO MINVALUE
    NO MAXVALUE
    CACHE 1
);


--
-- Name: auth_group_permissions; Type: TABLE; Schema: public; Owner: bookstore_user
--

CREATE TABLE public.auth_group_permissions (
    id bigint NOT NULL,
    group_id integer NOT NULL,
    permission_id integer NOT NULL
);


ALTER TABLE public.auth_group_permissions OWNER TO bookstore_user;

--
-- Name: auth_group_permissions_id_seq; Type: SEQUENCE; Schema: public; Owner: bookstore_user
--

ALTER TABLE public.auth_group_permissions ALTER COLUMN id ADD GENERATED BY DEFAULT AS IDENTITY (
    SEQUENCE NAME public.auth_group_permissions_id_seq
    START WITH 1
    INCREMENT BY 1
    NO MINVALUE
    NO MAXVALUE
    CACHE 1
);


--
-- Name: auth_permission; Type: TABLE; Schema: public; Owner: bookstore_user
--

CREATE TABLE public.auth_permission (
    id integer NOT NULL,
    name character varying(255) NOT NULL,
    content_type_id integer NOT NULL,
    codename character varying(100) NOT NULL
);


ALTER TABLE public.auth_permission OWNER TO bookstore_user;

--
-- Name: auth_permission_id_seq; Type: SEQUENCE; Schema: public; Owner: bookstore_user
--

ALTER TABLE public.auth_permission ALTER COLUMN id ADD GENERATED BY DEFAULT AS IDENTITY (
    SEQUENCE NAME public.auth_permission_id_seq
    START WITH 1
    INCREMENT BY 1
    NO MINVALUE
    NO MAXVALUE
    CACHE 1
);


--
-- Name: auth_user; Type: TABLE; Schema: public; Owner: bookstore_user
--

CREATE TABLE public.auth_user (
    id integer NOT NULL,
    password character varying(128) NOT NULL,
    last_login timestamp with time zone,
    is_superuser boolean NOT NULL,
    username character varying(150) NOT NULL,
    first_name character varying(150) NOT NULL,
    last_name character varying(150) NOT NULL,
    email character varying(254) NOT NULL,
    is_staff boolean NOT NULL,
    is_active boolean NOT NULL,
    date_joined timestamp with time zone NOT NULL
);


ALTER TABLE public.auth_user OWNER TO bookstore_user;

--
-- Name: auth_user_groups; Type: TABLE; Schema: public; Owner: bookstore_user
--

CREATE TABLE public.auth_user_groups (
    id bigint NOT NULL,
    user_id integer NOT NULL,
    group_id integer NOT NULL
);


ALTER TABLE public.auth_user_groups OWNER TO bookstore_user;

--
-- Name: auth_user_groups_id_seq; Type: SEQUENCE; Schema: public; Owner: bookstore_user
--

ALTER TABLE public.auth_user_groups ALTER COLUMN id ADD GENERATED BY DEFAULT AS IDENTITY (
    SEQUENCE NAME public.auth_user_groups_id_seq
    START WITH 1
    INCREMENT BY 1
    NO MINVALUE
    NO MAXVALUE
    CACHE 1
);


--
-- Name: auth_user_id_seq; Type: SEQUENCE; Schema: public; Owner: bookstore_user
--

ALTER TABLE public.auth_user ALTER COLUMN id ADD GENERATED BY DEFAULT AS IDENTITY (
    SEQUENCE NAME public.auth_user_id_seq
    START WITH 1
    INCREMENT BY 1
    NO MINVALUE
    NO MAXVALUE
    CACHE 1
);


--
-- Name: auth_user_user_permissions; Type: TABLE; Schema: public; Owner: bookstore_user
--

CREATE TABLE public.auth_user_user_permissions (
    id bigint NOT NULL,
    user_id integer NOT NULL,
    permission_id integer NOT NULL
);


ALTER TABLE public.auth_user_user_permissions OWNER TO bookstore_user;

--
-- Name: auth_user_user_permissions_id_seq; Type: SEQUENCE; Schema: public; Owner: bookstore_user
--

ALTER TABLE public.auth_user_user_permissions ALTER COLUMN id ADD GENERATED BY DEFAULT AS IDENTITY (
    SEQUENCE NAME public.auth_user_user_permissions_id_seq
    START WITH 1
    INCREMENT BY 1
    NO MINVALUE
    NO MAXVALUE
    CACHE 1
);


--
-- Name: books_book; Type: TABLE; Schema: public; Owner: bookstore_user
--

CREATE TABLE public.books_book (
    id bigint NOT NULL,
    title character varying(255) NOT NULL,
    author character varying(255) NOT NULL,
    description text,
    price numeric(8,2) NOT NULL,
    stock integer NOT NULL,
    created_at timestamp with time zone NOT NULL,
    category_id bigint,
    cover_image character varying(200),
    CONSTRAINT books_book_stock_check CHECK ((stock >= 0))
);


ALTER TABLE public.books_book OWNER TO bookstore_user;

--
-- Name: books_book_id_seq; Type: SEQUENCE; Schema: public; Owner: bookstore_user
--

ALTER TABLE public.books_book ALTER COLUMN id ADD GENERATED BY DEFAULT AS IDENTITY (
    SEQUENCE NAME public.books_book_id_seq
    START WITH 1
    INCREMENT BY 1
    NO MINVALUE
    NO MAXVALUE
    CACHE 1
);


--
-- Name: books_category; Type: TABLE; Schema: public; Owner: bookstore_user
--

CREATE TABLE public.books_category (
    id bigint NOT NULL,
    name character varying(255) NOT NULL,
    created_at timestamp with time zone NOT NULL
);


ALTER TABLE public.books_category OWNER TO bookstore_user;

--
-- Name: books_category_id_seq; Type: SEQUENCE; Schema: public; Owner: bookstore_user
--

ALTER TABLE public.books_category ALTER COLUMN id ADD GENERATED BY DEFAULT AS IDENTITY (
    SEQUENCE NAME public.books_category_id_seq
    START WITH 1
    INCREMENT BY 1
    NO MINVALUE
    NO MAXVALUE
    CACHE 1
);


--
-- Name: books_order; Type: TABLE; Schema: public; Owner: bookstore_user
--

CREATE TABLE public.books_order (
    id bigint NOT NULL,
    total_price numeric(10,2) NOT NULL,
    created_at timestamp with time zone NOT NULL,
    status character varying(20) NOT NULL,
    user_id bigint NOT NULL,
    address text NOT NULL,
    city character varying(50) NOT NULL,
    country character varying(50) NOT NULL,
    full_name character varying(100) NOT NULL,
    zip_code character varying(10) NOT NULL
);


ALTER TABLE public.books_order OWNER TO bookstore_user;

--
-- Name: books_order_id_seq; Type: SEQUENCE; Schema: public; Owner: bookstore_user
--

ALTER TABLE public.books_order ALTER COLUMN id ADD GENERATED BY DEFAULT AS IDENTITY (
    SEQUENCE NAME public.books_order_id_seq
    START WITH 1
    INCREMENT BY 1
    NO MINVALUE
    NO MAXVALUE
    CACHE 1
);


--
-- Name: books_orderitem; Type: TABLE; Schema: public; Owner: bookstore_user
--

CREATE TABLE public.books_orderitem (
    id bigint NOT NULL,
    quantity integer NOT NULL,
    book_id bigint NOT NULL,
    order_id bigint NOT NULL,
    price numeric(8,2) NOT NULL,
    CONSTRAINT books_orderitem_quantity_check CHECK ((quantity >= 0))
);


ALTER TABLE public.books_orderitem OWNER TO bookstore_user;

--
-- Name: books_orderitem_id_seq; Type: SEQUENCE; Schema: public; Owner: bookstore_user
--

ALTER TABLE public.books_orderitem ALTER COLUMN id ADD GENERATED BY DEFAULT AS IDENTITY (
    SEQUENCE NAME public.books_orderitem_id_seq
    START WITH 1
    INCREMENT BY 1
    NO MINVALUE
    NO MAXVALUE
    CACHE 1
);


--
-- Name: books_review; Type: TABLE; Schema: public; Owner: bookstore_user
--

CREATE TABLE public.books_review (
    id bigint NOT NULL,
    rating integer NOT NULL,
    comment text NOT NULL,
    created_at timestamp with time zone NOT NULL,
    book_id bigint NOT NULL,
    user_id bigint NOT NULL
);


ALTER TABLE public.books_review OWNER TO bookstore_user;

--
-- Name: books_review_id_seq; Type: SEQUENCE; Schema: public; Owner: bookstore_user
--

ALTER TABLE public.books_review ALTER COLUMN id ADD GENERATED BY DEFAULT AS IDENTITY (
    SEQUENCE NAME public.books_review_id_seq
    START WITH 1
    INCREMENT BY 1
    NO MINVALUE
    NO MAXVALUE
    CACHE 1
);


--
-- Name: books_user; Type: TABLE; Schema: public; Owner: bookstore_user
--

CREATE TABLE public.books_user (
    id bigint NOT NULL,
    password character varying(128) NOT NULL,
    last_login timestamp with time zone,
    is_superuser boolean NOT NULL,
    username character varying(150) NOT NULL,
    first_name character varying(150) NOT NULL,
    last_name character varying(150) NOT NULL,
    email character varying(254) NOT NULL,
    is_staff boolean NOT NULL,
    is_active boolean NOT NULL,
    date_joined timestamp with time zone NOT NULL,
    is_admin boolean NOT NULL
);


ALTER TABLE public.books_user OWNER TO bookstore_user;

--
-- Name: books_user_groups; Type: TABLE; Schema: public; Owner: bookstore_user
--

CREATE TABLE public.books_user_groups (
    id bigint NOT NULL,
    user_id bigint NOT NULL,
    group_id integer NOT NULL
);


ALTER TABLE public.books_user_groups OWNER TO bookstore_user;

--
-- Name: books_user_groups_id_seq; Type: SEQUENCE; Schema: public; Owner: bookstore_user
--

ALTER TABLE public.books_user_groups ALTER COLUMN id ADD GENERATED BY DEFAULT AS IDENTITY (
    SEQUENCE NAME public.books_user_groups_id_seq
    START WITH 1
    INCREMENT BY 1
    NO MINVALUE
    NO MAXVALUE
    CACHE 1
);


--
-- Name: books_user_id_seq; Type: SEQUENCE; Schema: public; Owner: bookstore_user
--

ALTER TABLE public.books_user ALTER COLUMN id ADD GENERATED BY DEFAULT AS IDENTITY (
    SEQUENCE NAME public.books_user_id_seq
    START WITH 1
    INCREMENT BY 1
    NO MINVALUE
    NO MAXVALUE
    CACHE 1
);


--
-- Name: books_user_user_permissions; Type: TABLE; Schema: public; Owner: bookstore_user
--

CREATE TABLE public.books_user_user_permissions (
    id bigint NOT NULL,
    user_id bigint NOT NULL,
    permission_id integer NOT NULL
);


ALTER TABLE public.books_user_user_permissions OWNER TO bookstore_user;

--
-- Name: books_user_user_permissions_id_seq; Type: SEQUENCE; Schema: public; Owner: bookstore_user
--

ALTER TABLE public.books_user_user_permissions ALTER COLUMN id ADD GENERATED BY DEFAULT AS IDENTITY (
    SEQUENCE NAME public.books_user_user_permissions_id_seq
    START WITH 1
    INCREMENT BY 1
    NO MINVALUE
    NO MAXVALUE
    CACHE 1
);


--
-- Name: django_admin_log; Type: TABLE; Schema: public; Owner: bookstore_user
--

CREATE TABLE public.django_admin_log (
    id integer NOT NULL,
    action_time timestamp with time zone NOT NULL,
    object_id text,
    object_repr character varying(200) NOT NULL,
    action_flag smallint NOT NULL,
    change_message text NOT NULL,
    content_type_id integer,
    user_id bigint NOT NULL,
    CONSTRAINT django_admin_log_action_flag_check CHECK ((action_flag >= 0))
);


ALTER TABLE public.django_admin_log OWNER TO bookstore_user;

--
-- Name: django_admin_log_id_seq; Type: SEQUENCE; Schema: public; Owner: bookstore_user
--

ALTER TABLE public.django_admin_log ALTER COLUMN id ADD GENERATED BY DEFAULT AS IDENTITY (
    SEQUENCE NAME public.django_admin_log_id_seq
    START WITH 1
    INCREMENT BY 1
    NO MINVALUE
    NO MAXVALUE
    CACHE 1
);


--
-- Name: django_content_type; Type: TABLE; Schema: public; Owner: bookstore_user
--

CREATE TABLE public.django_content_type (
    id integer NOT NULL,
    app_label character varying(100) NOT NULL,
    model character varying(100) NOT NULL
);


ALTER TABLE public.django_content_type OWNER TO bookstore_user;

--
-- Name: django_content_type_id_seq; Type: SEQUENCE; Schema: public; Owner: bookstore_user
--

ALTER TABLE public.django_content_type ALTER COLUMN id ADD GENERATED BY DEFAULT AS IDENTITY (
    SEQUENCE NAME public.django_content_type_id_seq
    START WITH 1
    INCREMENT BY 1
    NO MINVALUE
    NO MAXVALUE
    CACHE 1
);


--
-- Name: django_migrations; Type: TABLE; Schema: public; Owner: bookstore_user
--

CREATE TABLE public.django_migrations (
    id bigint NOT NULL,
    app character varying(255) NOT NULL,
    name character varying(255) NOT NULL,
    applied timestamp with time zone NOT NULL
);


ALTER TABLE public.django_migrations OWNER TO bookstore_user;

--
-- Name: django_migrations_id_seq; Type: SEQUENCE; Schema: public; Owner: bookstore_user
--

ALTER TABLE public.django_migrations ALTER COLUMN id ADD GENERATED BY DEFAULT AS IDENTITY (
    SEQUENCE NAME public.django_migrations_id_seq
    START WITH 1
    INCREMENT BY 1
    NO MINVALUE
    NO MAXVALUE
    CACHE 1
);


--
-- Name: django_session; Type: TABLE; Schema: public; Owner: bookstore_user
--

CREATE TABLE public.django_session (
    session_key character varying(40) NOT NULL,
    session_data text NOT NULL,
    expire_date timestamp with time zone NOT NULL
);


ALTER TABLE public.django_session OWNER TO bookstore_user;

--
-- Data for Name: auth_group; Type: TABLE DATA; Schema: public; Owner: bookstore_user
--

COPY public.auth_group (id, name) FROM stdin;
\.


--
-- Data for Name: auth_group_permissions; Type: TABLE DATA; Schema: public; Owner: bookstore_user
--

COPY public.auth_group_permissions (id, group_id, permission_id) FROM stdin;
\.


--
-- Data for Name: auth_permission; Type: TABLE DATA; Schema: public; Owner: bookstore_user
--

COPY public.auth_permission (id, name, content_type_id, codename) FROM stdin;
1	Can add log entry	1	add_logentry
2	Can change log entry	1	change_logentry
3	Can delete log entry	1	delete_logentry
4	Can view log entry	1	view_logentry
5	Can add permission	2	add_permission
6	Can change permission	2	change_permission
7	Can delete permission	2	delete_permission
8	Can view permission	2	view_permission
9	Can add group	3	add_group
10	Can change group	3	change_group
11	Can delete group	3	delete_group
12	Can view group	3	view_group
13	Can add user	4	add_user
14	Can change user	4	change_user
15	Can delete user	4	delete_user
16	Can view user	4	view_user
17	Can add content type	5	add_contenttype
18	Can change content type	5	change_contenttype
19	Can delete content type	5	delete_contenttype
20	Can view content type	5	view_contenttype
21	Can add session	6	add_session
22	Can change session	6	change_session
23	Can delete session	6	delete_session
24	Can view session	6	view_session
25	Can add category	7	add_category
26	Can change category	7	change_category
27	Can delete category	7	delete_category
28	Can view category	7	view_category
29	Can add order	8	add_order
30	Can change order	8	change_order
31	Can delete order	8	delete_order
32	Can view order	8	view_order
33	Can add book	9	add_book
34	Can change book	9	change_book
35	Can delete book	9	delete_book
36	Can view book	9	view_book
37	Can add order item	10	add_orderitem
38	Can change order item	10	change_orderitem
39	Can delete order item	10	delete_orderitem
40	Can view order item	10	view_orderitem
41	Can add user	11	add_user
42	Can change user	11	change_user
43	Can delete user	11	delete_user
44	Can view user	11	view_user
45	Can add review	12	add_review
46	Can change review	12	change_review
47	Can delete review	12	delete_review
48	Can view review	12	view_review
\.


--
-- Data for Name: auth_user; Type: TABLE DATA; Schema: public; Owner: bookstore_user
--

COPY public.auth_user (id, password, last_login, is_superuser, username, first_name, last_name, email, is_staff, is_active, date_joined) FROM stdin;
\.


--
-- Data for Name: auth_user_groups; Type: TABLE DATA; Schema: public; Owner: bookstore_user
--

COPY public.auth_user_groups (id, user_id, group_id) FROM stdin;
\.


--
-- Data for Name: auth_user_user_permissions; Type: TABLE DATA; Schema: public; Owner: bookstore_user
--

COPY public.auth_user_user_permissions (id, user_id, permission_id) FROM stdin;
\.


--
-- Data for Name: books_book; Type: TABLE DATA; Schema: public; Owner: bookstore_user
--

COPY public.books_book (id, title, author, description, price, stock, created_at, category_id, cover_image) FROM stdin;
5	The Ghost	Varnata Singh	Varnu bob scares of people without her makeup, she haunts her brother	20.99	100	2025-02-03 21:59:33.66482+05:30	1	https://vip-go.premiumbeat.com/wp-content/uploads/2015/09/Woman-Applying-Makeup.jpg
6	Srini and co	Srinivasan's son's friends	This story depicts the life long hardships srini faced while building an empire of gangsters in radiant lake view.	100.69	99	2025-02-04 09:46:22.464387+05:30	3	https://cdn.britannica.com/55/188355-050-D5E49258/Salvatore-Corsitto-The-Godfather-Marlon-Brando-Francis.jpg
7	Having fun ah?	BabaDakuDoraemonAli	This Book will make you forget about responsibilities and make you an absolute beast in having fun. Right from scamming your parents for 60k to flying cars, this book has it all.	1.00	98	2025-02-04 11:22:48.868981+05:30	4	https://thumbs.dreamstime.com/z/three-friends-public-swimming-pool-18235367.jpg
\.


--
-- Data for Name: books_category; Type: TABLE DATA; Schema: public; Owner: bookstore_user
--

COPY public.books_category (id, name, created_at) FROM stdin;
1	Mystery	2025-02-03 00:07:17.578084+05:30
3	horror	2025-02-03 21:59:50.059634+05:30
4	Fun	2025-02-04 11:22:45.766822+05:30
\.


--
-- Data for Name: books_order; Type: TABLE DATA; Schema: public; Owner: bookstore_user
--

COPY public.books_order (id, total_price, created_at, status, user_id, address, city, country, full_name, zip_code) FROM stdin;
2	100.69	2025-02-04 12:08:41.368606+05:30	Pending	4	#333, Radiant Lake View Appts, Karnashree Layout, medahalli, Kr Puram	Bangalore	India	Akshat	560049
3	1.00	2025-02-04 12:10:48.032702+05:30	Pending	4	Home	city	India	Your Name	00000
4	2.00	2025-02-04 12:11:57.052991+05:30	Pending	4	Home	city	India	Your Name	00000
5	2.00	2025-02-04 12:13:28.794932+05:30	Pending	4	Home	city	India	Your Name	00000
\.


--
-- Data for Name: books_orderitem; Type: TABLE DATA; Schema: public; Owner: bookstore_user
--

COPY public.books_orderitem (id, quantity, book_id, order_id, price) FROM stdin;
2	1	6	2	100.69
3	2	7	5	1.00
\.


--
-- Data for Name: books_review; Type: TABLE DATA; Schema: public; Owner: bookstore_user
--

COPY public.books_review (id, rating, comment, created_at, book_id, user_id) FROM stdin;
1	5	Inspirational	2025-02-04 12:04:46.856568+05:30	6	4
2	2	Scary	2025-02-04 12:28:13.61094+05:30	5	5
\.


--
-- Data for Name: books_user; Type: TABLE DATA; Schema: public; Owner: bookstore_user
--

COPY public.books_user (id, password, last_login, is_superuser, username, first_name, last_name, email, is_staff, is_active, date_joined, is_admin) FROM stdin;
4	pbkdf2_sha256$870000$ejD2qa3J9DFg2hRY1ORRyz$Ku7kuF/V7A8vMn0AeVslK173mxaxsEr8s0+DOQ3unEk=	2025-02-04 09:43:40.271627+05:30	t	akshat			akshatrai303@gmail.com	t	t	2025-02-03 21:44:18.364412+05:30	f
5	pbkdf2_sha256$870000$RKpXcLGbkpQFcgzfWs8TWS$PCJoLk1lcwOJEMzEqVZSlMhU048Mj5O9cQxmt0GPm2s=	2025-02-04 12:27:49.151573+05:30	f	abcde			wevcwsv@mail.com	f	t	2025-02-04 12:27:38.470645+05:30	f
\.


--
-- Data for Name: books_user_groups; Type: TABLE DATA; Schema: public; Owner: bookstore_user
--

COPY public.books_user_groups (id, user_id, group_id) FROM stdin;
\.


--
-- Data for Name: books_user_user_permissions; Type: TABLE DATA; Schema: public; Owner: bookstore_user
--

COPY public.books_user_user_permissions (id, user_id, permission_id) FROM stdin;
\.


--
-- Data for Name: django_admin_log; Type: TABLE DATA; Schema: public; Owner: bookstore_user
--

COPY public.django_admin_log (id, action_time, object_id, object_repr, action_flag, change_message, content_type_id, user_id) FROM stdin;
1	2025-02-03 21:57:13.821958+05:30	1	hari puttar	3		9	4
2	2025-02-03 21:59:33.667329+05:30	5	The Ghost	1	[{"added": {}}]	9	4
3	2025-02-03 21:59:50.060681+05:30	3	horror	1	[{"added": {}}]	7	4
4	2025-02-04 09:46:22.466211+05:30	6	Srini and co	1	[{"added": {}}]	9	4
5	2025-02-04 11:22:45.768057+05:30	4	Fun	1	[{"added": {}}]	7	4
6	2025-02-04 11:22:48.870821+05:30	7	Having fun ah?	1	[{"added": {}}]	9	4
7	2025-02-04 11:25:40.564353+05:30	7	Having fun ah?	2	[{"changed": {"fields": ["Cover image"]}}]	9	4
8	2025-02-04 11:27:44.771855+05:30	5	The Ghost	2	[{"changed": {"fields": ["Cover image"]}}]	9	4
\.


--
-- Data for Name: django_content_type; Type: TABLE DATA; Schema: public; Owner: bookstore_user
--

COPY public.django_content_type (id, app_label, model) FROM stdin;
1	admin	logentry
2	auth	permission
3	auth	group
4	auth	user
5	contenttypes	contenttype
6	sessions	session
7	books	category
8	books	order
9	books	book
10	books	orderitem
11	books	user
12	books	review
\.


--
-- Data for Name: django_migrations; Type: TABLE DATA; Schema: public; Owner: bookstore_user
--

COPY public.django_migrations (id, app, name, applied) FROM stdin;
1	contenttypes	0001_initial	2025-02-02 21:45:00.068511+05:30
2	auth	0001_initial	2025-02-02 21:45:00.149217+05:30
3	admin	0001_initial	2025-02-02 21:45:00.168243+05:30
4	admin	0002_logentry_remove_auto_add	2025-02-02 21:45:00.175551+05:30
5	admin	0003_logentry_add_action_flag_choices	2025-02-02 21:45:00.181671+05:30
6	contenttypes	0002_remove_content_type_name	2025-02-02 21:45:00.20001+05:30
7	auth	0002_alter_permission_name_max_length	2025-02-02 21:45:00.211408+05:30
8	auth	0003_alter_user_email_max_length	2025-02-02 21:45:00.222785+05:30
9	auth	0004_alter_user_username_opts	2025-02-02 21:45:00.231103+05:30
10	auth	0005_alter_user_last_login_null	2025-02-02 21:45:00.240533+05:30
11	auth	0006_require_contenttypes_0002	2025-02-02 21:45:00.241722+05:30
12	auth	0007_alter_validators_add_error_messages	2025-02-02 21:45:00.247971+05:30
13	auth	0008_alter_user_username_max_length	2025-02-02 21:45:00.263937+05:30
14	auth	0009_alter_user_last_name_max_length	2025-02-02 21:45:00.273747+05:30
15	auth	0010_alter_group_name_max_length	2025-02-02 21:45:00.284997+05:30
16	auth	0011_update_proxy_permissions	2025-02-02 21:45:00.293393+05:30
17	auth	0012_alter_user_first_name_max_length	2025-02-02 21:45:00.303695+05:30
18	books	0001_initial	2025-02-02 21:45:00.430909+05:30
19	sessions	0001_initial	2025-02-02 21:45:00.442868+05:30
20	books	0002_book_cover_image_alter_book_price_alter_book_stock	2025-02-02 23:58:36.349476+05:30
21	books	0003_orderitem_price	2025-02-03 16:10:19.396481+05:30
22	books	0004_order_address_order_city_order_country_and_more	2025-02-03 20:41:27.145896+05:30
\.


--
-- Data for Name: django_session; Type: TABLE DATA; Schema: public; Owner: bookstore_user
--

COPY public.django_session (session_key, session_data, expire_date) FROM stdin;
\.


--
-- Name: auth_group_id_seq; Type: SEQUENCE SET; Schema: public; Owner: bookstore_user
--

SELECT pg_catalog.setval('public.auth_group_id_seq', 1, false);


--
-- Name: auth_group_permissions_id_seq; Type: SEQUENCE SET; Schema: public; Owner: bookstore_user
--

SELECT pg_catalog.setval('public.auth_group_permissions_id_seq', 1, false);


--
-- Name: auth_permission_id_seq; Type: SEQUENCE SET; Schema: public; Owner: bookstore_user
--

SELECT pg_catalog.setval('public.auth_permission_id_seq', 48, true);


--
-- Name: auth_user_groups_id_seq; Type: SEQUENCE SET; Schema: public; Owner: bookstore_user
--

SELECT pg_catalog.setval('public.auth_user_groups_id_seq', 1, false);


--
-- Name: auth_user_id_seq; Type: SEQUENCE SET; Schema: public; Owner: bookstore_user
--

SELECT pg_catalog.setval('public.auth_user_id_seq', 2, true);


--
-- Name: auth_user_user_permissions_id_seq; Type: SEQUENCE SET; Schema: public; Owner: bookstore_user
--

SELECT pg_catalog.setval('public.auth_user_user_permissions_id_seq', 1, false);


--
-- Name: books_book_id_seq; Type: SEQUENCE SET; Schema: public; Owner: bookstore_user
--

SELECT pg_catalog.setval('public.books_book_id_seq', 7, true);


--
-- Name: books_category_id_seq; Type: SEQUENCE SET; Schema: public; Owner: bookstore_user
--

SELECT pg_catalog.setval('public.books_category_id_seq', 4, true);


--
-- Name: books_order_id_seq; Type: SEQUENCE SET; Schema: public; Owner: bookstore_user
--

SELECT pg_catalog.setval('public.books_order_id_seq', 5, true);


--
-- Name: books_orderitem_id_seq; Type: SEQUENCE SET; Schema: public; Owner: bookstore_user
--

SELECT pg_catalog.setval('public.books_orderitem_id_seq', 3, true);


--
-- Name: books_review_id_seq; Type: SEQUENCE SET; Schema: public; Owner: bookstore_user
--

SELECT pg_catalog.setval('public.books_review_id_seq', 2, true);


--
-- Name: books_user_groups_id_seq; Type: SEQUENCE SET; Schema: public; Owner: bookstore_user
--

SELECT pg_catalog.setval('public.books_user_groups_id_seq', 1, false);


--
-- Name: books_user_id_seq; Type: SEQUENCE SET; Schema: public; Owner: bookstore_user
--

SELECT pg_catalog.setval('public.books_user_id_seq', 5, true);


--
-- Name: books_user_user_permissions_id_seq; Type: SEQUENCE SET; Schema: public; Owner: bookstore_user
--

SELECT pg_catalog.setval('public.books_user_user_permissions_id_seq', 1, false);


--
-- Name: django_admin_log_id_seq; Type: SEQUENCE SET; Schema: public; Owner: bookstore_user
--

SELECT pg_catalog.setval('public.django_admin_log_id_seq', 8, true);


--
-- Name: django_content_type_id_seq; Type: SEQUENCE SET; Schema: public; Owner: bookstore_user
--

SELECT pg_catalog.setval('public.django_content_type_id_seq', 12, true);


--
-- Name: django_migrations_id_seq; Type: SEQUENCE SET; Schema: public; Owner: bookstore_user
--

SELECT pg_catalog.setval('public.django_migrations_id_seq', 22, true);


--
-- Name: auth_group auth_group_name_key; Type: CONSTRAINT; Schema: public; Owner: bookstore_user
--

ALTER TABLE ONLY public.auth_group
    ADD CONSTRAINT auth_group_name_key UNIQUE (name);


--
-- Name: auth_group_permissions auth_group_permissions_group_id_permission_id_0cd325b0_uniq; Type: CONSTRAINT; Schema: public; Owner: bookstore_user
--

ALTER TABLE ONLY public.auth_group_permissions
    ADD CONSTRAINT auth_group_permissions_group_id_permission_id_0cd325b0_uniq UNIQUE (group_id, permission_id);


--
-- Name: auth_group_permissions auth_group_permissions_pkey; Type: CONSTRAINT; Schema: public; Owner: bookstore_user
--

ALTER TABLE ONLY public.auth_group_permissions
    ADD CONSTRAINT auth_group_permissions_pkey PRIMARY KEY (id);


--
-- Name: auth_group auth_group_pkey; Type: CONSTRAINT; Schema: public; Owner: bookstore_user
--

ALTER TABLE ONLY public.auth_group
    ADD CONSTRAINT auth_group_pkey PRIMARY KEY (id);


--
-- Name: auth_permission auth_permission_content_type_id_codename_01ab375a_uniq; Type: CONSTRAINT; Schema: public; Owner: bookstore_user
--

ALTER TABLE ONLY public.auth_permission
    ADD CONSTRAINT auth_permission_content_type_id_codename_01ab375a_uniq UNIQUE (content_type_id, codename);


--
-- Name: auth_permission auth_permission_pkey; Type: CONSTRAINT; Schema: public; Owner: bookstore_user
--

ALTER TABLE ONLY public.auth_permission
    ADD CONSTRAINT auth_permission_pkey PRIMARY KEY (id);


--
-- Name: auth_user_groups auth_user_groups_pkey; Type: CONSTRAINT; Schema: public; Owner: bookstore_user
--

ALTER TABLE ONLY public.auth_user_groups
    ADD CONSTRAINT auth_user_groups_pkey PRIMARY KEY (id);


--
-- Name: auth_user_groups auth_user_groups_user_id_group_id_94350c0c_uniq; Type: CONSTRAINT; Schema: public; Owner: bookstore_user
--

ALTER TABLE ONLY public.auth_user_groups
    ADD CONSTRAINT auth_user_groups_user_id_group_id_94350c0c_uniq UNIQUE (user_id, group_id);


--
-- Name: auth_user auth_user_pkey; Type: CONSTRAINT; Schema: public; Owner: bookstore_user
--

ALTER TABLE ONLY public.auth_user
    ADD CONSTRAINT auth_user_pkey PRIMARY KEY (id);


--
-- Name: auth_user_user_permissions auth_user_user_permissions_pkey; Type: CONSTRAINT; Schema: public; Owner: bookstore_user
--

ALTER TABLE ONLY public.auth_user_user_permissions
    ADD CONSTRAINT auth_user_user_permissions_pkey PRIMARY KEY (id);


--
-- Name: auth_user_user_permissions auth_user_user_permissions_user_id_permission_id_14a6b632_uniq; Type: CONSTRAINT; Schema: public; Owner: bookstore_user
--

ALTER TABLE ONLY public.auth_user_user_permissions
    ADD CONSTRAINT auth_user_user_permissions_user_id_permission_id_14a6b632_uniq UNIQUE (user_id, permission_id);


--
-- Name: auth_user auth_user_username_key; Type: CONSTRAINT; Schema: public; Owner: bookstore_user
--

ALTER TABLE ONLY public.auth_user
    ADD CONSTRAINT auth_user_username_key UNIQUE (username);


--
-- Name: books_book books_book_pkey; Type: CONSTRAINT; Schema: public; Owner: bookstore_user
--

ALTER TABLE ONLY public.books_book
    ADD CONSTRAINT books_book_pkey PRIMARY KEY (id);


--
-- Name: books_category books_category_name_key; Type: CONSTRAINT; Schema: public; Owner: bookstore_user
--

ALTER TABLE ONLY public.books_category
    ADD CONSTRAINT books_category_name_key UNIQUE (name);


--
-- Name: books_category books_category_pkey; Type: CONSTRAINT; Schema: public; Owner: bookstore_user
--

ALTER TABLE ONLY public.books_category
    ADD CONSTRAINT books_category_pkey PRIMARY KEY (id);


--
-- Name: books_order books_order_pkey; Type: CONSTRAINT; Schema: public; Owner: bookstore_user
--

ALTER TABLE ONLY public.books_order
    ADD CONSTRAINT books_order_pkey PRIMARY KEY (id);


--
-- Name: books_orderitem books_orderitem_pkey; Type: CONSTRAINT; Schema: public; Owner: bookstore_user
--

ALTER TABLE ONLY public.books_orderitem
    ADD CONSTRAINT books_orderitem_pkey PRIMARY KEY (id);


--
-- Name: books_review books_review_pkey; Type: CONSTRAINT; Schema: public; Owner: bookstore_user
--

ALTER TABLE ONLY public.books_review
    ADD CONSTRAINT books_review_pkey PRIMARY KEY (id);


--
-- Name: books_user_groups books_user_groups_pkey; Type: CONSTRAINT; Schema: public; Owner: bookstore_user
--

ALTER TABLE ONLY public.books_user_groups
    ADD CONSTRAINT books_user_groups_pkey PRIMARY KEY (id);


--
-- Name: books_user_groups books_user_groups_user_id_group_id_2326f030_uniq; Type: CONSTRAINT; Schema: public; Owner: bookstore_user
--

ALTER TABLE ONLY public.books_user_groups
    ADD CONSTRAINT books_user_groups_user_id_group_id_2326f030_uniq UNIQUE (user_id, group_id);


--
-- Name: books_user books_user_pkey; Type: CONSTRAINT; Schema: public; Owner: bookstore_user
--

ALTER TABLE ONLY public.books_user
    ADD CONSTRAINT books_user_pkey PRIMARY KEY (id);


--
-- Name: books_user_user_permissions books_user_user_permissions_pkey; Type: CONSTRAINT; Schema: public; Owner: bookstore_user
--

ALTER TABLE ONLY public.books_user_user_permissions
    ADD CONSTRAINT books_user_user_permissions_pkey PRIMARY KEY (id);


--
-- Name: books_user_user_permissions books_user_user_permissions_user_id_permission_id_9af4fc60_uniq; Type: CONSTRAINT; Schema: public; Owner: bookstore_user
--

ALTER TABLE ONLY public.books_user_user_permissions
    ADD CONSTRAINT books_user_user_permissions_user_id_permission_id_9af4fc60_uniq UNIQUE (user_id, permission_id);


--
-- Name: books_user books_user_username_key; Type: CONSTRAINT; Schema: public; Owner: bookstore_user
--

ALTER TABLE ONLY public.books_user
    ADD CONSTRAINT books_user_username_key UNIQUE (username);


--
-- Name: django_admin_log django_admin_log_pkey; Type: CONSTRAINT; Schema: public; Owner: bookstore_user
--

ALTER TABLE ONLY public.django_admin_log
    ADD CONSTRAINT django_admin_log_pkey PRIMARY KEY (id);


--
-- Name: django_content_type django_content_type_app_label_model_76bd3d3b_uniq; Type: CONSTRAINT; Schema: public; Owner: bookstore_user
--

ALTER TABLE ONLY public.django_content_type
    ADD CONSTRAINT django_content_type_app_label_model_76bd3d3b_uniq UNIQUE (app_label, model);


--
-- Name: django_content_type django_content_type_pkey; Type: CONSTRAINT; Schema: public; Owner: bookstore_user
--

ALTER TABLE ONLY public.django_content_type
    ADD CONSTRAINT django_content_type_pkey PRIMARY KEY (id);


--
-- Name: django_migrations django_migrations_pkey; Type: CONSTRAINT; Schema: public; Owner: bookstore_user
--

ALTER TABLE ONLY public.django_migrations
    ADD CONSTRAINT django_migrations_pkey PRIMARY KEY (id);


--
-- Name: django_session django_session_pkey; Type: CONSTRAINT; Schema: public; Owner: bookstore_user
--

ALTER TABLE ONLY public.django_session
    ADD CONSTRAINT django_session_pkey PRIMARY KEY (session_key);


--
-- Name: auth_group_name_a6ea08ec_like; Type: INDEX; Schema: public; Owner: bookstore_user
--

CREATE INDEX auth_group_name_a6ea08ec_like ON public.auth_group USING btree (name varchar_pattern_ops);


--
-- Name: auth_group_permissions_group_id_b120cbf9; Type: INDEX; Schema: public; Owner: bookstore_user
--

CREATE INDEX auth_group_permissions_group_id_b120cbf9 ON public.auth_group_permissions USING btree (group_id);


--
-- Name: auth_group_permissions_permission_id_84c5c92e; Type: INDEX; Schema: public; Owner: bookstore_user
--

CREATE INDEX auth_group_permissions_permission_id_84c5c92e ON public.auth_group_permissions USING btree (permission_id);


--
-- Name: auth_permission_content_type_id_2f476e4b; Type: INDEX; Schema: public; Owner: bookstore_user
--

CREATE INDEX auth_permission_content_type_id_2f476e4b ON public.auth_permission USING btree (content_type_id);


--
-- Name: auth_user_groups_group_id_97559544; Type: INDEX; Schema: public; Owner: bookstore_user
--

CREATE INDEX auth_user_groups_group_id_97559544 ON public.auth_user_groups USING btree (group_id);


--
-- Name: auth_user_groups_user_id_6a12ed8b; Type: INDEX; Schema: public; Owner: bookstore_user
--

CREATE INDEX auth_user_groups_user_id_6a12ed8b ON public.auth_user_groups USING btree (user_id);


--
-- Name: auth_user_user_permissions_permission_id_1fbb5f2c; Type: INDEX; Schema: public; Owner: bookstore_user
--

CREATE INDEX auth_user_user_permissions_permission_id_1fbb5f2c ON public.auth_user_user_permissions USING btree (permission_id);


--
-- Name: auth_user_user_permissions_user_id_a95ead1b; Type: INDEX; Schema: public; Owner: bookstore_user
--

CREATE INDEX auth_user_user_permissions_user_id_a95ead1b ON public.auth_user_user_permissions USING btree (user_id);


--
-- Name: auth_user_username_6821ab7c_like; Type: INDEX; Schema: public; Owner: bookstore_user
--

CREATE INDEX auth_user_username_6821ab7c_like ON public.auth_user USING btree (username varchar_pattern_ops);


--
-- Name: books_book_category_id_406d8649; Type: INDEX; Schema: public; Owner: bookstore_user
--

CREATE INDEX books_book_category_id_406d8649 ON public.books_book USING btree (category_id);


--
-- Name: books_category_name_28299b64_like; Type: INDEX; Schema: public; Owner: bookstore_user
--

CREATE INDEX books_category_name_28299b64_like ON public.books_category USING btree (name varchar_pattern_ops);


--
-- Name: books_order_user_id_d6258a42; Type: INDEX; Schema: public; Owner: bookstore_user
--

CREATE INDEX books_order_user_id_d6258a42 ON public.books_order USING btree (user_id);


--
-- Name: books_orderitem_book_id_64aa8f72; Type: INDEX; Schema: public; Owner: bookstore_user
--

CREATE INDEX books_orderitem_book_id_64aa8f72 ON public.books_orderitem USING btree (book_id);


--
-- Name: books_orderitem_order_id_dfd54c60; Type: INDEX; Schema: public; Owner: bookstore_user
--

CREATE INDEX books_orderitem_order_id_dfd54c60 ON public.books_orderitem USING btree (order_id);


--
-- Name: books_review_book_id_a67a4c60; Type: INDEX; Schema: public; Owner: bookstore_user
--

CREATE INDEX books_review_book_id_a67a4c60 ON public.books_review USING btree (book_id);


--
-- Name: books_review_user_id_a55792c0; Type: INDEX; Schema: public; Owner: bookstore_user
--

CREATE INDEX books_review_user_id_a55792c0 ON public.books_review USING btree (user_id);


--
-- Name: books_user_groups_group_id_9a20f01a; Type: INDEX; Schema: public; Owner: bookstore_user
--

CREATE INDEX books_user_groups_group_id_9a20f01a ON public.books_user_groups USING btree (group_id);


--
-- Name: books_user_groups_user_id_859b442f; Type: INDEX; Schema: public; Owner: bookstore_user
--

CREATE INDEX books_user_groups_user_id_859b442f ON public.books_user_groups USING btree (user_id);


--
-- Name: books_user_user_permissions_permission_id_95b62cb2; Type: INDEX; Schema: public; Owner: bookstore_user
--

CREATE INDEX books_user_user_permissions_permission_id_95b62cb2 ON public.books_user_user_permissions USING btree (permission_id);


--
-- Name: books_user_user_permissions_user_id_2d867b4d; Type: INDEX; Schema: public; Owner: bookstore_user
--

CREATE INDEX books_user_user_permissions_user_id_2d867b4d ON public.books_user_user_permissions USING btree (user_id);


--
-- Name: books_user_username_4accb818_like; Type: INDEX; Schema: public; Owner: bookstore_user
--

CREATE INDEX books_user_username_4accb818_like ON public.books_user USING btree (username varchar_pattern_ops);


--
-- Name: django_admin_log_content_type_id_c4bce8eb; Type: INDEX; Schema: public; Owner: bookstore_user
--

CREATE INDEX django_admin_log_content_type_id_c4bce8eb ON public.django_admin_log USING btree (content_type_id);


--
-- Name: django_admin_log_user_id_c564eba6; Type: INDEX; Schema: public; Owner: bookstore_user
--

CREATE INDEX django_admin_log_user_id_c564eba6 ON public.django_admin_log USING btree (user_id);


--
-- Name: django_session_expire_date_a5c62663; Type: INDEX; Schema: public; Owner: bookstore_user
--

CREATE INDEX django_session_expire_date_a5c62663 ON public.django_session USING btree (expire_date);


--
-- Name: django_session_session_key_c0390e0f_like; Type: INDEX; Schema: public; Owner: bookstore_user
--

CREATE INDEX django_session_session_key_c0390e0f_like ON public.django_session USING btree (session_key varchar_pattern_ops);


--
-- Name: auth_group_permissions auth_group_permissio_permission_id_84c5c92e_fk_auth_perm; Type: FK CONSTRAINT; Schema: public; Owner: bookstore_user
--

ALTER TABLE ONLY public.auth_group_permissions
    ADD CONSTRAINT auth_group_permissio_permission_id_84c5c92e_fk_auth_perm FOREIGN KEY (permission_id) REFERENCES public.auth_permission(id) DEFERRABLE INITIALLY DEFERRED;


--
-- Name: auth_group_permissions auth_group_permissions_group_id_b120cbf9_fk_auth_group_id; Type: FK CONSTRAINT; Schema: public; Owner: bookstore_user
--

ALTER TABLE ONLY public.auth_group_permissions
    ADD CONSTRAINT auth_group_permissions_group_id_b120cbf9_fk_auth_group_id FOREIGN KEY (group_id) REFERENCES public.auth_group(id) DEFERRABLE INITIALLY DEFERRED;


--
-- Name: auth_permission auth_permission_content_type_id_2f476e4b_fk_django_co; Type: FK CONSTRAINT; Schema: public; Owner: bookstore_user
--

ALTER TABLE ONLY public.auth_permission
    ADD CONSTRAINT auth_permission_content_type_id_2f476e4b_fk_django_co FOREIGN KEY (content_type_id) REFERENCES public.django_content_type(id) DEFERRABLE INITIALLY DEFERRED;


--
-- Name: auth_user_groups auth_user_groups_group_id_97559544_fk_auth_group_id; Type: FK CONSTRAINT; Schema: public; Owner: bookstore_user
--

ALTER TABLE ONLY public.auth_user_groups
    ADD CONSTRAINT auth_user_groups_group_id_97559544_fk_auth_group_id FOREIGN KEY (group_id) REFERENCES public.auth_group(id) DEFERRABLE INITIALLY DEFERRED;


--
-- Name: auth_user_groups auth_user_groups_user_id_6a12ed8b_fk_auth_user_id; Type: FK CONSTRAINT; Schema: public; Owner: bookstore_user
--

ALTER TABLE ONLY public.auth_user_groups
    ADD CONSTRAINT auth_user_groups_user_id_6a12ed8b_fk_auth_user_id FOREIGN KEY (user_id) REFERENCES public.auth_user(id) DEFERRABLE INITIALLY DEFERRED;


--
-- Name: auth_user_user_permissions auth_user_user_permi_permission_id_1fbb5f2c_fk_auth_perm; Type: FK CONSTRAINT; Schema: public; Owner: bookstore_user
--

ALTER TABLE ONLY public.auth_user_user_permissions
    ADD CONSTRAINT auth_user_user_permi_permission_id_1fbb5f2c_fk_auth_perm FOREIGN KEY (permission_id) REFERENCES public.auth_permission(id) DEFERRABLE INITIALLY DEFERRED;


--
-- Name: auth_user_user_permissions auth_user_user_permissions_user_id_a95ead1b_fk_auth_user_id; Type: FK CONSTRAINT; Schema: public; Owner: bookstore_user
--

ALTER TABLE ONLY public.auth_user_user_permissions
    ADD CONSTRAINT auth_user_user_permissions_user_id_a95ead1b_fk_auth_user_id FOREIGN KEY (user_id) REFERENCES public.auth_user(id) DEFERRABLE INITIALLY DEFERRED;


--
-- Name: books_book books_book_category_id_406d8649_fk_books_category_id; Type: FK CONSTRAINT; Schema: public; Owner: bookstore_user
--

ALTER TABLE ONLY public.books_book
    ADD CONSTRAINT books_book_category_id_406d8649_fk_books_category_id FOREIGN KEY (category_id) REFERENCES public.books_category(id) DEFERRABLE INITIALLY DEFERRED;


--
-- Name: books_order books_order_user_id_d6258a42_fk_books_user_id; Type: FK CONSTRAINT; Schema: public; Owner: bookstore_user
--

ALTER TABLE ONLY public.books_order
    ADD CONSTRAINT books_order_user_id_d6258a42_fk_books_user_id FOREIGN KEY (user_id) REFERENCES public.books_user(id) DEFERRABLE INITIALLY DEFERRED;


--
-- Name: books_orderitem books_orderitem_book_id_64aa8f72_fk_books_book_id; Type: FK CONSTRAINT; Schema: public; Owner: bookstore_user
--

ALTER TABLE ONLY public.books_orderitem
    ADD CONSTRAINT books_orderitem_book_id_64aa8f72_fk_books_book_id FOREIGN KEY (book_id) REFERENCES public.books_book(id) DEFERRABLE INITIALLY DEFERRED;


--
-- Name: books_orderitem books_orderitem_order_id_dfd54c60_fk_books_order_id; Type: FK CONSTRAINT; Schema: public; Owner: bookstore_user
--

ALTER TABLE ONLY public.books_orderitem
    ADD CONSTRAINT books_orderitem_order_id_dfd54c60_fk_books_order_id FOREIGN KEY (order_id) REFERENCES public.books_order(id) DEFERRABLE INITIALLY DEFERRED;


--
-- Name: books_review books_review_book_id_a67a4c60_fk_books_book_id; Type: FK CONSTRAINT; Schema: public; Owner: bookstore_user
--

ALTER TABLE ONLY public.books_review
    ADD CONSTRAINT books_review_book_id_a67a4c60_fk_books_book_id FOREIGN KEY (book_id) REFERENCES public.books_book(id) DEFERRABLE INITIALLY DEFERRED;


--
-- Name: books_review books_review_user_id_a55792c0_fk_books_user_id; Type: FK CONSTRAINT; Schema: public; Owner: bookstore_user
--

ALTER TABLE ONLY public.books_review
    ADD CONSTRAINT books_review_user_id_a55792c0_fk_books_user_id FOREIGN KEY (user_id) REFERENCES public.books_user(id) DEFERRABLE INITIALLY DEFERRED;


--
-- Name: books_user_groups books_user_groups_group_id_9a20f01a_fk_auth_group_id; Type: FK CONSTRAINT; Schema: public; Owner: bookstore_user
--

ALTER TABLE ONLY public.books_user_groups
    ADD CONSTRAINT books_user_groups_group_id_9a20f01a_fk_auth_group_id FOREIGN KEY (group_id) REFERENCES public.auth_group(id) DEFERRABLE INITIALLY DEFERRED;


--
-- Name: books_user_groups books_user_groups_user_id_859b442f_fk_books_user_id; Type: FK CONSTRAINT; Schema: public; Owner: bookstore_user
--

ALTER TABLE ONLY public.books_user_groups
    ADD CONSTRAINT books_user_groups_user_id_859b442f_fk_books_user_id FOREIGN KEY (user_id) REFERENCES public.books_user(id) DEFERRABLE INITIALLY DEFERRED;


--
-- Name: books_user_user_permissions books_user_user_perm_permission_id_95b62cb2_fk_auth_perm; Type: FK CONSTRAINT; Schema: public; Owner: bookstore_user
--

ALTER TABLE ONLY public.books_user_user_permissions
    ADD CONSTRAINT books_user_user_perm_permission_id_95b62cb2_fk_auth_perm FOREIGN KEY (permission_id) REFERENCES public.auth_permission(id) DEFERRABLE INITIALLY DEFERRED;


--
-- Name: books_user_user_permissions books_user_user_permissions_user_id_2d867b4d_fk_books_user_id; Type: FK CONSTRAINT; Schema: public; Owner: bookstore_user
--

ALTER TABLE ONLY public.books_user_user_permissions
    ADD CONSTRAINT books_user_user_permissions_user_id_2d867b4d_fk_books_user_id FOREIGN KEY (user_id) REFERENCES public.books_user(id) DEFERRABLE INITIALLY DEFERRED;


--
-- Name: django_admin_log django_admin_log_content_type_id_c4bce8eb_fk_django_co; Type: FK CONSTRAINT; Schema: public; Owner: bookstore_user
--

ALTER TABLE ONLY public.django_admin_log
    ADD CONSTRAINT django_admin_log_content_type_id_c4bce8eb_fk_django_co FOREIGN KEY (content_type_id) REFERENCES public.django_content_type(id) DEFERRABLE INITIALLY DEFERRED;


--
-- Name: django_admin_log django_admin_log_user_id_c564eba6_fk_books_user_id; Type: FK CONSTRAINT; Schema: public; Owner: bookstore_user
--

ALTER TABLE ONLY public.django_admin_log
    ADD CONSTRAINT django_admin_log_user_id_c564eba6_fk_books_user_id FOREIGN KEY (user_id) REFERENCES public.books_user(id) DEFERRABLE INITIALLY DEFERRED;


--
-- PostgreSQL database dump complete
--

